gaugeID,Lat,Lon,Row_Lon,Col_Lat,Area/m2 
02GA010,43.174236,-80.539978,29,14,4.0242635604e+07
02GA010,43.292080,-80.459106,30,14,1.5490107070e+08
02GA010,43.409813,-80.377808,31,14,863996.4588349015
02GA010,43.235523,-80.708862,29,15,5.5141967596e+06
02GA010,43.353554,-80.628174,30,15,2.1612357811e+08
02GA010,43.471497,-80.547028,31,15,3.0069728167e+07
02GA010,43.414787,-80.797546,30,16,1.5589212410e+08
02GA010,43.532928,-80.716644,31,16,1.1858877076e+08
02GA010,43.650974,-80.635284,32,16,4.4354863234e+06
02GA010,43.475765,-80.967316,30,17,4.1300002880e+07
02GA010,43.594112,-80.886566,31,17,1.3659056856e+08
02GA010,43.712357,-80.805420,32,17,7.9139222719e+07
02GA018,43.353554,-80.628174,30,15,1.6011902574e+07
02GA018,43.471497,-80.547028,31,15,7.4826554753e+06
02GA018,43.414787,-80.797546,30,16,1.4021047527e+08
02GA018,43.532928,-80.716644,31,16,1.1858877076e+08
02GA018,43.650974,-80.635284,32,16,4.4354863234e+06
02GA018,43.475765,-80.967316,30,17,4.1300002880e+07
02GA018,43.594112,-80.886566,31,17,1.3659056856e+08
02GA018,43.712357,-80.805420,32,17,7.9139222719e+07
02GA038,43.414787,-80.797546,30,16,8.8731193074e+06
02GA038,43.532928,-80.716644,31,16,5.2686453882e+07
02GA038,43.650974,-80.635284,32,16,4.4354863234e+06
02GA038,43.475765,-80.967316,30,17,4.0898081249e+07
02GA038,43.594112,-80.886566,31,17,1.3659056856e+08
02GA038,43.712357,-80.805420,32,17,7.9139222719e+07
02GA047,43.347881,-80.208893,31,13,4.7984198856e+06
02GA047,43.465313,-80.126984,32,13,3.5871948437e+07
02GA047,43.582634,-80.044617,33,13,7.8479505636e+07
02GA047,43.699871,-79.961853,34,13,5.7967806006e+06
02GA047,43.409813,-80.377808,31,14,4.0825387948e+07
02GA047,43.527451,-80.296051,32,14,1.8491680059e+08
02GA047,43.644981,-80.213898,33,14,2.1998255027e+08
02GA047,43.762413,-80.131287,34,14,1.2822051993e+08
02GA047,43.707073,-80.383514,33,15,3.0041622827e+07
02GA047,43.824718,-80.301117,34,15,3.7840486711e+07
02GB001,43.050949,-80.203278,29,12,164468.8939891036
02GB001,42.994995,-80.452087,28,13,23910.9378003180
02GB001,43.112717,-80.371460,29,13,1.6785127244e+08
02GB001,43.230343,-80.290375,30,13,8.8423433308e+07
02GB001,43.347881,-80.208893,31,13,5.2792529325e+07
02GB001,43.465313,-80.126984,32,13,1.1586224947e+08
02GB001,43.582634,-80.044617,33,13,8.0919165635e+07
02GB001,43.699871,-79.961853,34,13,5.7967806006e+06
02GB001,43.056316,-80.620422,28,14,125103.5444881320
02GB001,43.174236,-80.539978,29,14,2.0002652695e+08
02GB001,43.292080,-80.459106,30,14,2.2396041126e+08
02GB001,43.409813,-80.377808,31,14,2.2396897088e+08
02GB001,43.527451,-80.296051,32,14,2.2394400108e+08
02GB001,43.644981,-80.213898,33,14,2.2399019737e+08
02GB001,43.762413,-80.131287,34,14,1.2822051993e+08
02GB001,43.235523,-80.708862,29,15,9.0111113228e+07
02GB001,43.353554,-80.628174,30,15,2.2414761082e+08
02GB001,43.471497,-80.547028,31,15,2.2417794537e+08
02GB001,43.589340,-80.465485,32,15,2.2414546577e+08
02GB001,43.707073,-80.383514,33,15,2.2417204879e+08
02GB001,43.824718,-80.301117,34,15,2.2194457916e+08
02GB001,43.942257,-80.218262,35,15,1.7711533786e+08
02GB001,44.059696,-80.134979,36,15,2.1135125362e+07
02GB001,43.296547,-80.878052,29,16,1.0444743352e+07
02GB001,43.414787,-80.797546,30,16,1.8548260078e+08
02GB001,43.532928,-80.716644,31,16,2.2428097426e+08
02GB001,43.650974,-80.635284,32,16,2.2427735036e+08
02GB001,43.768917,-80.553497,33,16,2.2427872094e+08
02GB001,43.886768,-80.471283,34,16,2.1965680838e+08
02GB001,44.004501,-80.388641,35,16,1.8927339225e+08
02GB001,44.122150,-80.305542,36,16,1.6907191089e+08
02GB001,44.239704,-80.221985,37,16,1.1906334567e+07
02GB001,43.475765,-80.967316,30,17,4.1300002880e+07
02GB001,43.594112,-80.886566,31,17,1.3659056856e+08
02GB001,43.712357,-80.805420,32,17,1.5829687659e+08
02GB001,43.830502,-80.723816,33,17,1.3415600816e+08
02GB001,43.948559,-80.641785,34,17,3.8215374024e+07
02GB001,44.184361,-80.476440,36,17,1.6814291114e+07
02GB001,44.302120,-80.393097,37,17,2.3365691556e+06
02GB007,43.168369,-80.122009,30,12,6.0115126113e+07
02GB007,43.285702,-80.040344,31,12,3.7267913301e+07
02GB007,43.230343,-80.290375,30,13,1.3377136024e+08
02GB007,43.347881,-80.208893,31,13,1.5154561541e+08
02GB007,43.465313,-80.126984,32,13,545397.8138637543
02GC002,42.762432,-81.027435,25,15,269090.6775604896
02GC002,42.880856,-80.948395,26,15,5.3956815110e+07
02GC002,42.703945,-81.274292,24,16,6.2358877172e+06
02GC002,42.822659,-81.195862,25,16,1.7268250422e+08
02GC002,42.941273,-81.117035,26,16,5.6068538134e+07
02GC002,42.763721,-81.442871,24,17,2.9903719160e+06
02GC002,42.882633,-81.364655,25,17,2.0642094398e+07
02GC007,42.698105,-80.444458,26,12,6.5053282018e+07
02GC007,42.815819,-80.364502,27,12,4.9303605568e+07
02GC007,42.933434,-80.284088,28,12,1.2287608265e+07
02GC007,42.759258,-80.612122,26,13,6.7894990484e+07
02GC007,42.877178,-80.532318,27,13,1.4803576685e+08
02GC007,42.994995,-80.452087,28,13,1.5225257672e+08
02GC007,43.112717,-80.371460,29,13,1.5791537330e+07
02GC007,43.056316,-80.620422,28,14,1.3640794531e+08
02GC007,43.174236,-80.539978,29,14,2.3692474113e+07
02GC007,43.117390,-80.789124,28,15,2.2215995361e+06
02GC007,43.235523,-80.708862,29,15,2.2580294633e+06
02GC010,42.877178,-80.532318,27,13,3.7360920986e+07
02GC010,42.994995,-80.452087,28,13,4.3357176236e+07
02GC010,42.820183,-80.780090,26,14,2.7642571098e+07
02GC010,42.938301,-80.700470,27,14,2.0323095566e+08
02GC010,43.056316,-80.620422,28,14,6.5293312592e+07
02GC010,42.999176,-80.868958,27,15,1.7834216128e+06
02GC018,42.701962,-80.859314,25,14,3.2809893091e+06
02GC018,42.820183,-80.780090,26,14,4.5639165289e+07
02GC018,42.938301,-80.700470,27,14,4.2541065832e+06
02GC018,42.762432,-81.027435,25,15,1.6356571392e+08
02GC018,42.880856,-80.948395,26,15,1.1744469090e+08
02GC018,42.999176,-80.868958,27,15,342380.3013039827
02GC018,42.822659,-81.195862,25,16,1.8973304739e+07
02GC026,42.759258,-80.612122,26,13,3.9259545237e+07
02GC026,42.877178,-80.532318,27,13,7.5749609042e+07
02GC026,42.994995,-80.452087,28,13,4.3357176236e+07
02GC026,42.701962,-80.859314,25,14,5.2938808192e+07
02GC026,42.820183,-80.780090,26,14,1.7043164791e+08
02GC026,42.938301,-80.700470,27,14,2.0373962741e+08
02GC026,43.056316,-80.620422,28,14,6.5293312592e+07
02GC026,42.762432,-81.027435,25,15,9587.5037778486
02GC026,42.999176,-80.868958,27,15,1.7834216128e+06
02GD004,43.117390,-80.789124,28,15,1.9879520555e+07
02GD004,43.235523,-80.708862,29,15,1.7819721144e+07
02GD004,43.059803,-81.037781,27,16,3.9737066812e+07
02GD004,43.178219,-80.958130,28,16,1.7433321720e+08
02GD004,43.296547,-80.878052,29,16,4.0409130959e+07
02GD004,43.238796,-81.127502,28,17,107428.8822118542
02GE007,42.226391,-81.995850,19,18,134584.5601224527
02GE007,42.345943,-81.919830,20,18,5.4078896093e+07
02GE007,42.465416,-81.843414,21,18,7.1572844187e+07
02GE007,42.284702,-82.164093,19,19,1.2375899264e+06
02GE007,42.404449,-82.088257,20,19,9.9973026179e+07
02GE007,42.524113,-82.012054,21,19,8.9946945868e+06
02GG002,42.823254,-81.611786,24,18,9.2917935838e+07
02GG002,42.942360,-81.533752,25,18,1.6713746998e+08
02GG002,43.061378,-81.455322,26,18,8.8542565740e+07
02GG002,43.180298,-81.376465,27,18,1.5506655260e+06
02GG002,42.763153,-81.858429,23,19,6.1774872539e+06
02GG002,42.882542,-81.781006,24,19,2.1649215250e+08
02GG002,43.001839,-81.703186,25,19,9.5190922151e+07
02GG002,42.941566,-81.950562,24,20,3.0239964528e+07
02GG002,43.061069,-81.872925,25,20,1.2312184271e+07
02GG003,42.584789,-81.766602,22,18,3.8461277980e+06
02GG003,42.704063,-81.689392,23,18,3.4497539448e+07
02GG003,42.823254,-81.611786,24,18,9.7686802987e+07
02GG003,42.942360,-81.533752,25,18,1.6713746998e+08
02GG003,43.061378,-81.455322,26,18,8.8542565740e+07
02GG003,43.180298,-81.376465,27,18,1.5506655260e+06
02GG003,42.643684,-81.935425,22,19,1.1477955301e+08
02GG003,42.763153,-81.858429,23,19,2.2353943152e+08
02GG003,42.882542,-81.781006,24,19,2.2332498177e+08
02GG003,43.001839,-81.703186,25,19,9.5190922151e+07
02GG003,42.702324,-82.104584,22,20,1.9491985637e+07
02GG003,42.821987,-82.027771,23,20,1.7820639539e+07
02GG003,42.941566,-81.950562,24,20,3.0239964528e+07
02GG003,43.061069,-81.872925,25,20,1.2312184271e+07
02GG006,43.001839,-81.703186,25,19,1.3912309670e+06
02GG006,42.821987,-82.027771,23,20,2.9976568042e+06
02GG006,42.941566,-81.950562,24,20,1.2020720627e+08
02GG006,43.061069,-81.872925,25,20,7.0230543291e+07
02GG006,42.880577,-82.197449,23,21,1.1825502010e+07
02GG006,43.000347,-82.120453,24,21,3.4107527901e+07
02GG009,42.882542,-81.781006,24,19,54985.3537318148
02GG009,43.001839,-81.703186,25,19,1.3912309670e+06
02GG009,42.821987,-82.027771,23,20,3.5534213952e+07
02GG009,42.941566,-81.950562,24,20,1.8480044047e+08
02GG009,43.061069,-81.872925,25,20,7.0230543291e+07
02GG009,42.760719,-82.274078,22,21,3.1778853724e+07
02GG009,42.880577,-82.197449,23,21,1.5001798616e+08
02GG009,43.000347,-82.120453,24,21,3.6164864263e+07
02GG009,42.818855,-82.443848,22,22,2.8925194848e+06
02GG009,42.938911,-82.367462,23,22,4.1310224963e+06
02GG013,42.763153,-81.858429,23,19,1.1770319161e+06
02GG013,42.882542,-81.781006,24,19,1.3563829662e+06
02GG013,42.702324,-82.104584,22,20,3.7489085464e+07
02GG013,42.821987,-82.027771,23,20,1.7153940284e+08
02GG013,42.941566,-81.950562,24,20,4.1390403928e+06
02GG013,42.760719,-82.274078,22,21,4.7080193525e+07
02GG013,42.880577,-82.197449,23,21,2.0559090249e+07
04159492,43.054817,-82.708435,23,24,3.6349515669e+07
04159492,43.175182,-82.632050,24,24,1.3560347016e+08
04159492,43.295456,-82.555237,25,24,5.9268815832e+07
04159492,43.112400,-82.879395,23,25,3.3880858864e+07
04159492,43.232952,-82.803223,24,25,2.1320657973e+08
04159492,43.353424,-82.726624,25,25,2.2479038832e+08
04159492,43.473808,-82.649658,26,25,5.2903282764e+07
04159492,43.169724,-83.050659,23,26,2.5673695774e+07
04159492,43.290459,-82.974731,24,26,7.7003640489e+07
04159492,43.411121,-82.898376,25,26,8.4452834094e+07
04159492,43.531704,-82.821594,26,26,1.6955714853e+08
04159492,43.652203,-82.744415,27,26,5.9468348380e+07
04159492,43.589348,-82.993866,26,27,1.6963920420e+06
04159492,43.710026,-82.916901,27,27,1.4899772294e+06
04159900,43.054817,-82.708435,23,24,3.3606792590e+07
04159900,42.991772,-82.955139,22,25,4.2919773337e+07
04159900,43.112400,-82.879395,23,25,1.8442668041e+08
04159900,43.232952,-82.803223,24,25,1.2489950810e+07
04159900,43.048904,-83.126221,22,26,1.0083993999e+08
04159900,43.169724,-83.050659,23,26,9.1535657103e+07
04160600,42.934387,-82.784393,22,24,6.2143289008e+07
04160600,42.871044,-83.030518,21,25,1.3181639197e+07
04160600,42.991772,-82.955139,22,25,1.5976282950e+08
04160600,43.112400,-82.879395,23,25,61545.0869573057
04160600,42.927986,-83.201355,21,26,6.3938787092e+07
04160600,43.048904,-83.126221,22,26,7.3783123785e+07
04161820,42.572517,-83.009979,19,24,2.0642251096e+07
04161820,42.693233,-82.935181,20,24,1.0771291617e+06
04161820,42.629341,-83.180084,19,25,1.0309964151e+08
04161820,42.750229,-83.105499,20,25,1.6997830258e+08
04161820,42.871044,-83.030518,21,25,1.1940888271e+07
04161820,42.685905,-83.350494,19,26,1.2229760696e+08
04161820,42.806992,-83.276123,20,26,1.9179077166e+08
04161820,42.927986,-83.201355,21,26,1.0728873421e+07
04161820,42.863483,-83.447083,20,27,3.8546919439e+07
04164000,42.515457,-82.840179,19,23,894343.9302445450
04164000,42.451748,-83.084381,18,24,1.4246400911e+08
04164000,42.572517,-83.009979,19,24,1.8148478947e+08
04164000,42.693233,-82.935181,20,24,1.0771291617e+06
04164000,42.508377,-83.254272,18,25,6.4625389791e+07
04164000,42.629341,-83.180084,19,25,1.7451475579e+08
04164000,42.750229,-83.105499,20,25,1.6997830258e+08
04164000,42.871044,-83.030518,21,25,1.1940888271e+07
04164000,42.685905,-83.350494,19,26,1.2229760696e+08
04164000,42.806992,-83.276123,20,26,1.9179077166e+08
04164000,42.927986,-83.201355,21,26,1.0728873421e+07
04164000,42.863483,-83.447083,20,27,3.8546919439e+07
04165500,42.515457,-82.840179,19,23,1.5408405141e+06
04165500,42.635967,-82.765167,20,23,2.7126521538e+06
04165500,42.756397,-82.689758,21,23,647.8662376278
04165500,42.451748,-83.084381,18,24,1.4246400911e+08
04165500,42.572517,-83.009979,19,24,2.2373858850e+08
04165500,42.693233,-82.935181,20,24,2.2099710522e+08
04165500,42.813850,-82.859985,21,24,1.9040274706e+08
04165500,42.934387,-82.784393,22,24,8.8372561709e+06
04165500,42.508377,-83.254272,18,25,6.4625389791e+07
04165500,42.629341,-83.180084,19,25,1.7451475579e+08
04165500,42.750229,-83.105499,20,25,2.2566905449e+08
04165500,42.871044,-83.030518,21,25,2.1249190515e+08
04165500,42.991772,-82.955139,22,25,1.5923938478e+07
04165500,42.685905,-83.350494,19,26,1.2229760696e+08
04165500,42.806992,-83.276123,20,26,1.9179077166e+08
04165500,42.927986,-83.201355,21,26,1.9806667551e+07
04165500,42.863483,-83.447083,20,27,3.8546919439e+07
04166100,42.387329,-83.328064,17,25,3.1180647746e+06
04166100,42.508377,-83.254272,18,25,1.1399403752e+08
04166100,42.629341,-83.180084,19,25,5.1148091812e+07
04166100,42.443516,-83.498047,17,26,96822.0923380107
04166100,42.564751,-83.424469,18,26,1.6776027184e+08
04166100,42.685905,-83.350494,19,26,1.0354968297e+08
04166100,42.806992,-83.276123,20,26,1.0038419673e+07
04166100,42.620872,-83.594971,18,27,8.2062914714e+07
04166100,42.742214,-83.521240,19,27,1.1487511758e+08
04166100,42.863483,-83.447083,20,27,5.5349351379e+06
04166500,42.387329,-83.328064,17,25,1.4044232906e+08
04166500,42.508377,-83.254272,18,25,1.5854449562e+08
04166500,42.629341,-83.180084,19,25,5.1148091812e+07
04166500,42.443516,-83.498047,17,26,4.7976366841e+07
04166500,42.564751,-83.424469,18,26,2.1015189246e+08
04166500,42.685905,-83.350494,19,26,1.0354968297e+08
04166500,42.806992,-83.276123,20,26,1.0038419673e+07
04166500,42.620872,-83.594971,18,27,8.2062914714e+07
04166500,42.742214,-83.521240,19,27,1.1487511758e+08
04166500,42.863483,-83.447083,20,27,5.5349351379e+06
04174500,42.443516,-83.498047,17,26,3.9427456922e+07
04174500,42.564751,-83.424469,18,26,5.1655079488e+06
04174500,42.134686,-83.886108,14,27,7.1760635168e+06
04174500,42.256348,-83.813904,15,27,1.3222504976e+08
04174500,42.377949,-83.741302,16,27,1.9601051357e+08
04174500,42.499458,-83.668335,17,27,2.2573835426e+08
04174500,42.620872,-83.594971,18,27,1.1233800796e+08
04174500,42.742214,-83.521240,19,27,879573.3033241630
04174500,42.189816,-84.056061,14,28,9.7006378214e+07
04174500,42.311672,-83.984070,15,28,2.2609746043e+08
04174500,42.433441,-83.911682,16,28,2.2389165451e+08
04174500,42.555138,-83.838928,17,28,1.4802991404e+08
04174500,42.676746,-83.765778,18,28,1.4705178552e+07
04174500,42.244690,-84.226288,14,29,6.6054487258e+06
04174500,42.366734,-84.154510,15,29,6.3409305451e+07
04174500,42.488689,-84.082367,16,29,1.3963334876e+08
04174500,42.543678,-84.253326,16,30,4.9711266275e+06
04176500,41.780861,-83.691284,12,25,5.4135240207e+06
04176500,41.902298,-83.619385,13,25,7.8521583181e+07
04176500,42.023674,-83.547119,14,25,6.7037778324e+07
04176500,41.592613,-84.002441,10,26,1.2151418834e+07
04176500,41.714405,-83.931519,11,26,9.4830237372e+07
04176500,41.836121,-83.860199,12,26,2.1096796306e+08
04176500,41.957756,-83.788513,13,26,2.2576105945e+08
04176500,42.079308,-83.716492,14,26,1.8169615362e+08
04176500,42.200787,-83.644043,15,26,2.6639613936e+07
04176500,41.647259,-84.171204,10,27,3.5335911782e+07
04176500,41.769238,-84.100494,11,27,2.0407000703e+08
04176500,41.891132,-84.029419,12,27,2.2597283462e+08
04176500,42.012947,-83.957947,13,27,2.2597563470e+08
04176500,42.134686,-83.886108,14,27,2.1880899908e+08
04176500,42.256348,-83.813904,15,27,7.9173039137e+07
04176500,41.823826,-84.269775,11,28,9.5216827746e+07
04176500,41.945908,-84.198914,12,28,1.9568109352e+08
04176500,42.067898,-84.127686,13,28,2.2603367415e+08
04176500,42.189816,-84.056061,14,28,1.2044418337e+08
04176500,42.000423,-84.368683,12,29,7.4909005418e+07
04176500,42.122593,-84.297668,13,29,1.5287287309e+08
04176500,42.244690,-84.226288,14,29,5.1558689953e+06
04176500,42.054684,-84.538757,12,30,2.1860754696e+07
04176500,42.177044,-84.467987,13,30,1.6198765885e+07
04177000,41.603996,-83.594391,11,24,1.2819291361e+07
04177000,41.659321,-83.762817,11,25,7.4073228003e+07
04177000,41.780861,-83.691284,12,25,8.8629063894e+07
04177000,41.714405,-83.931519,11,26,4.0932433592e+07
04177000,41.836121,-83.860199,12,26,1.1189724142e+07
04193500,40.588795,-83.586945,4,21,5.7341400029e+06
04193500,40.710136,-83.517151,5,21,6.2410504416e+07
04193500,40.831413,-83.447021,6,21,9.2467280498e+07
04193500,40.952602,-83.376526,7,21,6.5443312174e+07
04193500,41.073700,-83.305664,8,21,6.8572495292e+06
04193500,40.643562,-83.753082,4,22,1.1703046673e+07
04193500,40.765087,-83.683502,5,22,2.2205921661e+08
04193500,40.886543,-83.613556,6,22,2.2524968501e+08
04193500,41.007915,-83.543274,7,22,2.1412923388e+08
04193500,41.129200,-83.472595,8,22,5.3421326062e+06
04193500,40.454494,-84.057190,2,23,1.6307632656e+06
04193500,40.576336,-83.988525,3,23,6.9644399506e+07
04193500,40.698109,-83.919495,4,23,1.5618558846e+08
04193500,40.819809,-83.850128,5,23,2.2537742290e+08
04193500,40.941444,-83.780396,6,23,2.2537839467e+08
04193500,41.063000,-83.710297,7,23,1.4752037264e+08
04193500,40.386330,-84.291595,1,24,3.9789766913e+07
04193500,40.508434,-84.223480,2,24,1.9035820150e+08
04193500,40.630455,-84.154999,3,24,2.2551810307e+08
04193500,40.752403,-84.086182,4,24,2.2549263919e+08
04193500,40.874287,-84.017029,5,24,2.2552580550e+08
04193500,40.996101,-83.947479,6,24,2.2556554693e+08
04193500,41.117840,-83.877594,7,24,2.1366127309e+08
04193500,41.239487,-83.807343,8,24,1.2455131849e+08
04193500,41.361053,-83.736725,9,24,1.5322974349e+08
04193500,41.482571,-83.665741,10,24,5.8786932616e+07
04193500,40.439846,-84.457947,1,25,7.3829545042e+07
04193500,40.562138,-84.390015,2,25,1.8933121995e+08
04193500,40.684334,-84.321777,3,25,2.2561362077e+08
04193500,40.806461,-84.253143,4,25,2.2567263486e+08
04193500,40.928524,-84.184174,5,25,2.2565729178e+08
04193500,41.050518,-84.114868,6,25,2.2566864941e+08
04193500,41.172440,-84.045166,7,25,2.2560390725e+08
04193500,41.294262,-83.975128,8,25,2.2561584519e+08
04193500,41.416019,-83.904724,9,25,2.1007778103e+08
04193500,41.537712,-83.833954,10,25,1.9840492283e+07
04193500,40.493141,-84.624542,1,26,4.0981928937e+06
04193500,40.615593,-84.556824,2,26,2.1238596383e+08
04193500,40.737976,-84.488770,3,26,2.2577317285e+08
04193500,40.860279,-84.420380,4,26,2.2583795261e+08
04193500,40.982525,-84.351624,5,26,2.2583448069e+08
04193500,41.104694,-84.282501,6,26,2.2584886288e+08
04193500,41.226791,-84.213013,7,26,2.2581858027e+08
04193500,41.348797,-84.143188,8,26,2.2581199596e+08
04193500,41.470730,-84.072998,9,26,2.2583461855e+08
04193500,41.592613,-84.002441,10,26,1.1288165209e+08
04193500,40.546181,-84.791443,1,27,8.4195625436e+06
04193500,40.668823,-84.723938,2,27,2.2124140807e+08
04193500,40.791378,-84.656067,3,27,2.2593129813e+08
04193500,40.913853,-84.587891,4,27,2.2596542828e+08
04193500,41.036278,-84.519348,5,27,2.2594764264e+08
04193500,41.158630,-84.450439,6,27,2.2599051204e+08
04193500,41.280895,-84.381165,7,27,2.2591089706e+08
04193500,41.403088,-84.311554,8,27,2.2588660252e+08
04193500,41.525204,-84.241577,9,27,2.2594114698e+08
04193500,41.647259,-84.171204,10,27,1.9064489905e+08
04193500,41.769238,-84.100494,11,27,2.1908438481e+07
04193500,40.598991,-84.958557,1,28,2.1247589579e+07
04193500,40.721806,-84.891266,2,28,2.2603910281e+08
04193500,40.844528,-84.823639,3,28,2.2606985519e+08
04193500,40.967190,-84.755676,4,28,2.2609928908e+08
04193500,41.089787,-84.687317,5,28,2.2609804053e+08
04193500,41.212311,-84.618652,6,28,2.2610070456e+08
04193500,41.334774,-84.549591,7,28,2.2611500844e+08
04193500,41.457130,-84.480164,8,28,2.2613659072e+08
04193500,41.579433,-84.410400,9,28,2.2614511979e+08
04193500,41.701660,-84.340271,10,28,2.2612457055e+08
04193500,41.823826,-84.269775,11,28,1.3086942247e+08
04193500,41.945908,-84.198914,12,28,3.0341388058e+07
04193500,40.651554,-85.125977,1,29,196573.9477672279
04193500,40.774544,-85.058899,2,29,1.6563965003e+08
04193500,40.897442,-84.991486,3,29,2.2622021046e+08
04193500,41.020275,-84.923706,4,29,2.2626132364e+08
04193500,41.143047,-84.855591,5,29,2.2625547214e+08
04193500,41.265759,-84.787109,6,29,2.2625808806e+08
04193500,41.388382,-84.718292,7,29,2.2623001631e+08
04193500,41.510933,-84.649109,8,29,2.2621117884e+08
04193500,41.633404,-84.579559,9,29,2.2622056015e+08
04193500,41.755821,-84.509644,10,29,2.2623512246e+08
04193500,41.878155,-84.439331,11,29,2.1753289056e+08
04193500,42.000423,-84.368683,12,29,1.4487843092e+08
04193500,40.827038,-85.226776,2,30,3.3362380999e+07
04193500,40.950111,-85.159576,3,30,1.8123996113e+08
04193500,41.073120,-85.092041,4,30,2.2639883681e+08
04193500,41.196072,-85.024109,5,30,2.2638377652e+08
04193500,41.318951,-84.955872,6,30,2.2637820053e+08
04193500,41.441761,-84.887268,7,30,2.2635331752e+08
04193500,41.564480,-84.818298,8,30,2.2631329916e+08
04193500,41.687134,-84.748962,9,30,2.2474405166e+08
04193500,41.809723,-84.679260,10,30,2.1530098307e+08
04193500,41.932243,-84.609192,11,30,4.2851887484e+07
04193500,41.002537,-85.327942,3,31,9.7733376021e+06
04193500,41.125721,-85.260620,4,31,7.1672780546e+07
04193500,41.248840,-85.192932,5,31,1.3128453102e+08
04193500,41.371895,-85.124878,6,31,2.2650670471e+08
04193500,41.494881,-85.056519,7,31,1.5803234818e+08
04193500,41.617779,-84.987762,8,31,2.7563328704e+07
04193500,41.740608,-84.918640,9,31,3.6620269782e+07
04193500,41.863380,-84.849182,10,31,2.2829177231e+07
04193500,41.301369,-85.362000,5,32,4.3140380971e+07
04193500,41.424599,-85.294189,6,32,4.5121836375e+07
04193500,41.547760,-85.226013,7,32,6.6048413808e+06
04195820,41.073700,-83.305664,8,21,100243.4797197109
04195820,41.007915,-83.543274,7,22,1.1095743795e+07
04195820,41.129200,-83.472595,8,22,1.8159192846e+08
04195820,41.250404,-83.401581,9,22,1.3263552061e+08
04195820,41.371548,-83.330200,10,22,1.4856920426e+08
04195820,41.492603,-83.258423,11,22,8.9800993828e+07
04195820,41.063000,-83.710297,7,23,7.7669957473e+07
04195820,41.184460,-83.639832,8,23,2.2531851673e+08
04195820,41.305855,-83.569031,9,23,2.2315339077e+08
04195820,41.427177,-83.497803,10,23,1.1726051592e+08
04195820,41.548428,-83.426270,11,23,437985.6943341494
04195820,41.117840,-83.877594,7,24,1.1825462214e+07
04195820,41.239487,-83.807343,8,24,1.0094008097e+08
04195820,41.361053,-83.736725,9,24,5.1226049441e+07
04196800,40.599506,-83.185303,5,19,3.4029368268e+07
04196800,40.654942,-83.351105,5,20,1.8845270589e+08
04196800,40.776024,-83.280762,6,20,9.8587552604e+07
04196800,40.588795,-83.586945,4,21,618843.9001352191
04196800,40.710136,-83.517151,5,21,1.4710283503e+08
04196800,40.831413,-83.447021,6,21,1.3052433349e+08
04196800,40.952602,-83.376526,7,21,6.2936728233e+07
04197100,40.905743,-82.806519,8,18,2.6444492638e+07
04197100,41.026203,-82.734741,9,18,4.6778021284e+07
04197100,40.961967,-82.972626,8,19,9.1870381273e+07
04197100,41.082619,-82.901001,9,19,1.1289450965e+08
04197100,41.017952,-83.139008,8,20,3.8268996443e+07
04197100,41.138786,-83.067596,9,20,9.4235263187e+06
04198000,40.728920,-82.712341,7,17,5.6518145654e+07
04198000,40.849277,-82.640717,8,17,2.9844591245e+07
04198000,40.785194,-82.877991,7,18,1.1110544567e+08
04198000,40.905743,-82.806519,8,18,1.7281371138e+08
04198000,41.026203,-82.734741,9,18,4.6778021284e+07
04198000,40.599506,-83.185303,5,19,5.1693209371e+07
04198000,40.720409,-83.114777,6,19,1.1357875456e+08
04198000,40.841236,-83.043884,7,19,2.1017955726e+08
04198000,40.961967,-82.972626,8,19,2.2475154194e+08
04198000,41.082619,-82.901001,9,19,1.2842738639e+08
04198000,40.654942,-83.351105,5,20,1.9068988343e+08
04198000,40.776024,-83.280762,6,20,2.2491539472e+08
04198000,40.897034,-83.210083,7,20,2.2489886267e+08
04198000,41.017952,-83.139008,8,20,2.2487264614e+08
04198000,41.138786,-83.067596,9,20,1.7622442932e+08
04198000,41.259560,-82.995789,10,20,36982.3056794405
04198000,40.588795,-83.586945,4,21,618843.9001342058
04198000,40.710136,-83.517151,5,21,1.4710283503e+08
04198000,40.831413,-83.447021,6,21,1.3259102725e+08
04198000,40.952602,-83.376526,7,21,1.5959766694e+08
04198000,41.073700,-83.305664,8,21,1.8855466198e+08
04198000,41.194725,-83.234436,9,21,2.1988828443e+08
04198000,41.315681,-83.162842,10,21,7.9112521668e+07
04198000,41.129200,-83.472595,8,22,1.0352139259e+06
04198000,41.250404,-83.401581,9,22,5.1313130363e+06
04198000,41.371548,-83.330200,10,22,119128.9788134694
04199000,40.969559,-82.568726,9,17,8.6334182397e+07
04199000,41.089767,-82.496338,10,17,5.6142726759e+07
04199000,41.209900,-82.423584,11,17,1.4481155753e+07
04199000,40.905743,-82.806519,8,18,2.4731660976e+07
04199000,41.026203,-82.734741,9,18,1.7698446945e+08
04199000,41.146603,-82.662537,10,18,2.2462631502e+08
04199000,41.266926,-82.589966,11,18,1.4835689568e+08
04199000,41.082619,-82.901001,9,19,5.1339215785e+07
04199000,41.203205,-82.829010,10,19,9.3483634927e+07
04199000,41.323708,-82.756653,11,19,3.1285152418e+07
04199500,40.912674,-82.403015,9,16,6.0174729707e+07
04199500,41.032696,-82.330444,10,16,1.1909393961e+08
04199500,41.152637,-82.257507,11,16,7.0516638358e+06
04199500,40.969559,-82.568726,9,17,4.4588199929e+07
04199500,41.089767,-82.496338,10,17,1.6833024658e+08
04199500,41.209900,-82.423584,11,17,1.6012041281e+08
04199500,41.329945,-82.350464,12,17,1.0964840341e+08
04199500,41.449890,-82.276978,13,17,111000.3824509308
04200500,41.037392,-81.926178,11,14,1.5775848072e+07
04200500,40.975384,-82.164825,10,15,6.5471614734e+07
04200500,41.095139,-82.091675,11,15,2.2219172678e+08
04200500,41.214802,-82.018188,12,15,1.3451637994e+08
04200500,41.334366,-81.944336,13,15,8.7982146627e+06
04200500,41.032696,-82.330444,10,16,7.1810156233e+07
04200500,41.152637,-82.257507,11,16,2.0337082687e+08
04200500,41.272495,-82.184204,12,16,1.7980383788e+08
04200500,41.392250,-82.110504,13,16,6.0252969618e+07
04207200,41.159290,-81.447571,13,12,6.7595075162e+06
04207200,41.278198,-81.372742,14,12,1.2448245862e+08
04207200,41.397026,-81.297577,15,12,665755.6463864958
04207200,41.336990,-81.538239,14,13,5.7230091546e+07
04207200,41.456009,-81.463226,15,13,3.7202389699e+07
04208504,40.922787,-81.192627,12,10,1.6508820794e+07
04208504,41.041393,-81.117859,13,10,5.7241336386e+06
04208504,40.862759,-81.431396,11,11,2.9369175917e+06
04208504,40.981667,-81.357147,12,11,1.8271861761e+08
04208504,41.100456,-81.282562,13,11,1.9028474785e+08
04208504,41.219173,-81.207581,14,11,8.8047554132e+07
04208504,41.337807,-81.132202,15,11,9.6413394041e+07
04208504,41.456348,-81.056458,16,11,9.1725306291e+07
04208504,41.574810,-80.980316,17,11,1.2835673760e+07
04208504,41.040295,-81.521973,12,12,1.5438616592e+08
04208504,41.159290,-81.447571,13,12,2.2366278371e+08
04208504,41.278198,-81.372742,14,12,1.7941423928e+08
04208504,41.397026,-81.297577,15,12,8.5348533873e+07
04208504,41.515766,-81.221985,16,12,9.3931295675e+07
04208504,41.634418,-81.146027,17,12,3.5141473832e+07
04208504,41.098701,-81.687073,12,13,4.3090401561e+07
04208504,41.217888,-81.612854,13,13,1.8819766108e+08
04208504,41.336990,-81.538239,14,13,2.2378257199e+08
04208504,41.456009,-81.463226,15,13,6.6285134984e+07
04208504,41.276245,-81.778442,13,14,1.3908555228e+07
04208504,41.395538,-81.704010,14,14,2.0603422240e+08
04208504,41.514751,-81.629181,15,14,1.5686577716e+07
04208504,41.453854,-81.870056,14,15,1.5835488454e+07
04209000,41.219173,-81.207581,14,11,866637.8721386269
04209000,41.278198,-81.372742,14,12,4.4245166261e+07
04209000,41.397026,-81.297577,15,12,1.3832045281e+08
04209000,41.515766,-81.221985,16,12,1.1580954881e+08
04209000,41.634418,-81.146027,17,12,7.0841455911e+06
04209000,41.336990,-81.538239,14,13,36237.7417225428
04209000,41.456009,-81.463226,15,13,1.1424410362e+08
04209000,41.574944,-81.387817,16,13,1.7961682168e+08
04209000,41.693794,-81.312042,17,13,2.2731441128e+07
04212100,41.336807,-80.726318,16,9,1.0698669207e+07
04212100,41.572830,-80.572968,18,9,4.9459553915e+06
04212100,41.690693,-80.495697,19,9,1.3884786095e+06
04212100,41.278347,-80.967163,15,10,6.5216784130e+07
04212100,41.396698,-80.891235,16,10,2.1225357205e+08
04212100,41.514957,-80.814941,17,10,1.7509624082e+08
04212100,41.633114,-80.738220,18,10,2.0395055013e+08
04212100,41.751175,-80.661133,19,10,9.2976912458e+07
04212100,41.337807,-81.132202,15,11,3.9057657150e+07
04212100,41.456348,-81.056458,16,11,1.3178527177e+08
04212100,41.574810,-80.980316,17,11,2.1060265198e+08
04212100,41.693161,-80.903809,18,11,2.1987041727e+08
04212100,41.811424,-80.826874,19,11,8.6790179183e+07
04212100,41.515766,-81.221985,16,12,1.3932405151e+07
04212100,41.634418,-81.146027,17,12,1.8141612153e+08
04212100,41.752964,-81.069672,18,12,1.0756932016e+08
04212100,41.693794,-81.312042,17,13,4.6251249171e+07
04212100,41.812538,-81.235870,18,13,1.1019389833e+06
04213000,41.629974,-80.330566,19,8,3.0400519498e+07
04213000,41.747562,-80.252716,20,8,3.1704008870e+07
04213000,41.865047,-80.174469,21,8,5.1847810717e+06
04213000,41.690693,-80.495697,19,9,9.9629173383e+06
04213000,41.808479,-80.418030,20,9,1.8777473743e+08
04213000,41.926174,-80.339935,21,9,1.1338634345e+08
04213000,41.869160,-80.583618,20,10,9.6004724165e+07
04213000,41.987049,-80.505737,21,10,1.0859801708e+07
04213000,41.929604,-80.749542,20,11,5.0679955397e+06
04213500,42.355476,-78.375519,29,1,2.9279075116e+07
04213500,42.470615,-78.292419,30,1,1.0821326639e+08
04213500,42.585655,-78.208923,31,1,1.3408130596e+07
04213500,42.304436,-78.622467,28,2,4.5778624842e+07
04213500,42.419888,-78.539978,29,2,1.2416468242e+08
04213500,42.535240,-78.457062,30,2,1.9555456449e+08
04213500,42.650486,-78.373718,31,2,5.2217526158e+07
04213500,42.252659,-78.869019,27,3,2.6991096569e+07
04213500,42.368416,-78.787109,28,3,2.1866018479e+08
04213500,42.484070,-78.704773,29,3,2.1650387490e+08
04213500,42.599636,-78.622009,30,3,4.0384200887e+07
04213500,42.432152,-78.952087,28,4,8.7662466871e+07
04213500,42.548019,-78.869934,29,4,3.0304097124e+06
04213500,42.663795,-78.787323,30,4,111945.3054328561
04214500,42.535240,-78.457062,30,2,1.0485436133e+07
04214500,42.650486,-78.373718,31,2,1.1273446231e+08
04214500,42.765621,-78.289948,32,2,2.1474096268e+06
04214500,42.599636,-78.622009,30,3,61086.9532578588
04214500,42.715084,-78.538818,31,3,1.4392428247e+08
04214500,42.830433,-78.455200,32,3,3.1839683154e+07
04214500,42.779453,-78.704285,31,4,4.3816500137e+07
04214500,42.895020,-78.620819,32,4,3.3840698501e+07
04214500,42.843582,-78.870087,31,5,1.3250504542e+06
04215000,42.650486,-78.373718,31,2,1.8898512844e+06
04215000,42.765621,-78.289948,32,2,3.8571050573e+07
04215000,42.715084,-78.538818,31,3,66795.5496435761
04215000,42.830433,-78.455200,32,3,1.3523187999e+08
04215000,42.895020,-78.620819,32,4,5.8182595888e+07
04215500,42.535240,-78.457062,30,2,1.5725907071e+07
04215500,42.599636,-78.622009,30,3,1.4412130181e+08
04215500,42.715084,-78.538818,31,3,7.8181988581e+07
04215500,42.663795,-78.787323,30,4,2.0187309684e+07
04215500,42.779453,-78.704285,31,4,1.1944720557e+08
04215500,42.843582,-78.870087,31,5,4.0204207609e+06
